<?xml version="1.0" encoding="UTF-8"?>
<project-private xmlns="http://www.netbeans.org/ns/project-private/1">
    <editor-bookmarks xmlns="http://www.netbeans.org/ns/editor-bookmarks/2" lastBookmarkId="0"/>
    <open-files xmlns="http://www.netbeans.org/ns/projectui-open-files/2">
        <group>
            <file>file:/G:/IST%20411/Assignment%202_Gifs/Niedzielski_Gifs/src/RacerApplet.java</file>
            <file>file:/G:/IST%20411/Assignment%202_Gifs/Niedzielski_Gifs/src/Racer.java</file>
        </group>
    </open-files>
</project-private>
